Key,Difference
F3_K11_10F_3390H,Only in config_output
F3_K11_5F_3380H,Only in config_output
F3_K11_5F_3390H,Only in config_output
F3_K11_5F_3450H,Only in config_output
F3_K11_6F_3450H,Only in config_output
F3_K11_6F_3800H,Only in config_output
F3_K11_6F_4110H,Only in config_output
F3_K11_6F_5150H,Only in config_output
F3_K11_8F_3910H,Only in config_output
F3_K11_8F_4507H,Only in config_output
F3_K11_8F_4600H,Only in config_output
F3_K11_10F_5150,Only in tracedict
F3_K11_4F_2500,Only in tracedict
F3_K11_5F_3450,Only in tracedict
F3_K11_6F_2800,Only in tracedict
F3_K11_6F_3450,Only in tracedict
F3_K11_6F_3800,Only in tracedict
F3_K11_6F_4110,Only in tracedict
F3_K11_6F_5150,Only in tracedict
F3_K11_7F_3450,Only in tracedict
F3_K11_8F_4600,Only in tracedict
F3_K25_8F_2845H,Only in tracedict
F3_K25_8F_2880,Only in tracedict
F3_K25_8F_2880H,Only in tracedict
F3_K25_8F_2900H,Only in tracedict
F3_K25_8F_3100,Only in tracedict
F3_K25_8F_3190H,Only in tracedict
F3_K25_8F_3260,Only in tracedict
F3_K25_8F_3260H,Only in tracedict
F3_K25_8F_3450,Only in tracedict
F3_K25_8F_3450H,Only in tracedict
F3_K25_8F_3670,Only in tracedict
F3_K25_8F_3670H,Only in tracedict
F3_K25_8F_3800,Only in tracedict
F3_K25_8F_3800H,Only in tracedict
F3_K25_8F_4110,Only in tracedict
F3_K25_8F_4507,Only in tracedict
F3_K25_8F_4507H,Only in tracedict
F3_K25_9F_3910,Only in tracedict
F3_K25_9F_3910H,Only in tracedict
F3_K25_9F_4600,Only in tracedict
F3_K25_9F_4600H,Only in tracedict
F3_K25_9F_5100,Only in tracedict
F3_K25_9F_5100H,Only in tracedict
F3_K11_10F_5070,Different content
F3_K11_10F_5070H,Different content
F3_K11_10F_5100,Different content
F3_K11_10F_5100H,Different content
F3_K11_10F_5150H,Different content
F3_K11_3F_2601H,Different content
F3_K11_3F_2845H,Different content
F3_K11_3F_2880H,Different content
F3_K11_3F_2900H,Different content
F3_K11_3F_3190H,Different content
F3_K11_4F_2845H,Different content
F3_K11_4F_2880H,Different content
F3_K11_4F_2900H,Different content
F3_K11_4F_3190H,Different content
F3_K11_5F_2845H,Different content
F3_K11_5F_2880H,Different content
F3_K11_5F_2900H,Different content
F3_K11_5F_3190H,Different content
F3_K11_5F_3380,Different content
F3_K11_5F_3390,Different content
F3_K11_5F_3400,Different content
F3_K11_5F_3410H,Different content
F3_K11_5F_3418H,Different content
F3_K11_6F_2601H,Different content
F3_K11_6F_3260,Different content
F3_K11_6F_3260H,Different content
F3_K11_6F_3670,Different content
F3_K11_6F_3670H,Different content
F3_K11_6F_4600,Different content
F3_K11_6F_4600H,Different content
F3_K11_8F_2880H,Different content
F3_K11_8F_3260,Different content
F3_K11_8F_3260H,Different content
F3_K11_8F_3450,Different content
F3_K11_8F_3450H,Different content
F3_K11_8F_3670,Different content
F3_K11_8F_3670H,Different content
F3_K11_8F_3800,Different content
F3_K11_8F_3800H,Different content
F3_K11_8F_3910,Different content
F3_K11_8F_4110,Different content
F3_K11_8F_4110H,Different content
F3_K11_8F_4507,Different content
